{
  "cork": {
    "bounds": [
      [
        51.89,
        -8.481733513727402
      ],
      [
        51.8972,
        -8.470066486272597
      ]
    ],
    "size": [
      140,
      86
    ]
  },
  "marseille": {
    "bounds": [
      [
        43.2915,
        5.368953799594822
      ],
      [
        43.2987,
        5.378846200405178
      ]
    ],
    "size": [
      119,
      86
    ]
  },
  "rome": {
    "bounds": [
      [
        41.8417,
        12.48566745301127
      ],
      [
        41.8489,
        12.495332546988731
      ]
    ],
    "size": [
      116,
      86
    ]
  }
}